[{"img":"https://www.theexhibitorshandbook.com/media/catalog/product/cache/2/small_image/300x/9df78eab33525d08d6e5fb8d27136e95/a/d/advance-retractable-banner-stand_left-1.png","link":"https://www.theexhibitorshandbook.com/advance-retractable-banner-stand","text":"As part of our premium line of retractable banner stands, the Advance is loaded with features and design innovations. The Advance is a durable stand designed to be displayed at events for years. Useable as a single or double sided system, this removable cassette banner stand has been specially designed for maximum convenience and ease of use.","title":"Advance Retractable Banner Stand"},{"img":"https://www.theexhibitorshandbook.com/media/catalog/product/cache/2/small_image/300x/9df78eab33525d08d6e5fb8d27136e95/r/e/revolution-retractable-banner-stand_left-1.png","link":"https://www.theexhibitorshandbook.com/revolution-retractable-banner-stand","text":"Revolution is a lightweight, injection-molded slick white plastic base retractable banner stand - the first of its kind! Revolution provides superior, high-end functionality, durability, ease of use and unique styling for an exceptional appearance. These sophisticated banners include a protective carry bag and feature a lifetime hardware warranty....              ","title":"Revolution Retractable Banner Stand"},{"img":"https://www.theexhibitorshandbook.com/media/catalog/product/cache/2/small_image/300x/9df78eab33525d08d6e5fb8d27136e95/o/r/orient-800-retractable-banner-stand_left-1.png","link":"https://www.theexhibitorshandbook.com/orient-800-retractable-banner-stand","text":"The Orient 800 is a simplistic and elegantly designed retractable banner stand. It is finished in anodized silver or black with heavy duty molded end caps. Variable graphic height between 60.5\" and 83.25\". Padded carry bag is included.","title":"Orient 800 Retractable Banner Stand"},{"img":"https://www.theexhibitorshandbook.com/media/catalog/product/cache/2/small_image/300x/9df78eab33525d08d6e5fb8d27136e95/o/r/orient-850-retractable-banner-stand_left-1.png","link":"https://www.theexhibitorshandbook.com/orient-850-retractable-banner-stand","text":"The Orient 850 is a high-quality, affordable retractable banner stand option. The custom graphics quickly roll up and store in the base, which features molded end caps for durability. The Orient 850 is approximately 3' x 7' in size and comes with a padded carry bag.","title":"Orient 850 Retractable Banner Stand"},{"img":"https://www.theexhibitorshandbook.com/media/catalog/product/cache/2/small_image/300x/9df78eab33525d08d6e5fb8d27136e95/o/r/orient-organic-850-retractable-banner-stand_left.png","link":"https://www.theexhibitorshandbook.com/orient-organic-850-retractable-banner-stand","text":"The Orient Organic 850 is a high-quality, affordable retractable banner stand that features an aluminum base with a maple woodgrain color. The retractable graphic rolls into the base. The Orient Organic stand comes with plastic end caps, a hybrid bungee-telescopic pole, adjustable feet on the base and a padded carry bag.","title":"Orient Organic 850 Retractable Banner Stand"},{"img":"https://www.theexhibitorshandbook.com/media/catalog/product/cache/2/small_image/300x/9df78eab33525d08d6e5fb8d27136e95/o/r/orient-920-retractable-banner-stand_left-1.png","link":"https://www.theexhibitorshandbook.com/orient-920-retractable-banner-stand","text":"Simple in design, yet impactful at events, trade shows and more. The Orient 920 retractable banner stand effectively conveys messaging to your audience and is usable in many settings. A padded carry bag is included, increasing portability and making shipping and storage easier.","title":"Orient 920 Retractable Banner Stand"},{"img":"https://www.theexhibitorshandbook.com/media/catalog/product/cache/2/small_image/300x/9df78eab33525d08d6e5fb8d27136e95/o/r/orient-1000-retractable-banner-stand_left-1.png","link":"https://www.theexhibitorshandbook.com/orient-1000-retractable-banner-stand","text":"Deliver branding and messaging with style with the Orient 1000 retractable banner stand. The sleekly designed base is finished in silver or black, and includes heavy duty molded endcaps for increased durability. Shipping and storage are made simple with a padded carry bag, making the Orient 1000 a highly portable roll up display option for your ne...              ","title":"Orient 1000 Retractable Banner Stand"},{"img":"https://www.theexhibitorshandbook.com/media/catalog/product/cache/2/small_image/300x/9df78eab33525d08d6e5fb8d27136e95/o/r/orient-800-double-sided-retractable-banner-stand_left-1.png","link":"https://www.theexhibitorshandbook.com/orient-800-double-sided-retractable-banner-stand","text":"The Orient 800 double sided retractable banner stand is a simplistic, yet elegant display solution. With a dual retractor mechanism, the Orient 800 provides dual sided capability by allowing two custom graphics back to back. A durable base is supported by molded end caps, and a padded carry and shipping bag is included. test","title":"Orient 800 Double Sided Retractable Banner Stand"},{"img":"https://www.theexhibitorshandbook.com/media/catalog/product/cache/2/small_image/300x/9df78eab33525d08d6e5fb8d27136e95/o/r/orient-920-double-sided-retractable-banner-stand_left-1.png","link":"https://www.theexhibitorshandbook.com/orient-920-double-sided-retractable-banner-stand","text":"As a retractable banner stand with double sided capabilities, the Orient 920 double sided retractable banner stand is a perfect display option for open environments with multiple sides of foot traffic. Two separate custom graphics can be used to display messaging effectively. The Orient 920 comes with a padded carry bag.","title":"Orient 920 Double Sided Retractable Banner Stand"},{"img":"https://www.theexhibitorshandbook.com/media/catalog/product/cache/2/small_image/300x/9df78eab33525d08d6e5fb8d27136e95/p/a/pacific-800-retractable-banner-stand_left-1.png","link":"https://www.theexhibitorshandbook.com/pacific-800-retractable-banner-stand","text":"The Pacific 800 is a lightweight, affordable roller banner with slim base and bungee pole making it very compact. It comes complete with a swivel out foot for extra stability. Graphic width measures 31.5\", and graphic height measures 83.75\".","title":"Pacific 800 Retractable Banner Stand"},{"img":"https://www.theexhibitorshandbook.com/media/catalog/product/cache/2/small_image/300x/9df78eab33525d08d6e5fb8d27136e95/p/a/pacific-920-retractable-banner-stand_left-1.png","link":"https://www.theexhibitorshandbook.com/pacific-920-retractable-banner-stand","text":"The Pacific 920 retractable banner stand features a swivel foot base that provides extra stability for your display. This lightweight roll up banner ships and stores easily, and is an affordable option for any display budget. ","title":"Pacific 920 Retractable Banner Stand"},{"img":"https://www.theexhibitorshandbook.com/media/catalog/product/cache/2/small_image/300x/9df78eab33525d08d6e5fb8d27136e95/p/a/pacific-1000-retractable-banner-stand_left-1.png","link":"https://www.theexhibitorshandbook.com/pacific-1000-retractable-banner-stand","text":"With an approximate base width of 40\", the Pacific 1000 retractable banner stand provides a wide display option while remaining compact and portable. While being affordable, the Pacific 1000 comes with features including a slim swivel foot base for stability, and a bungee pole for graphic tension.\n","title":"Pacific 1000 Retractable Banner Stand"},{"img":"https://www.theexhibitorshandbook.com/media/catalog/product/cache/2/small_image/300x/9df78eab33525d08d6e5fb8d27136e95/c/o/contender-mini-retractable-banner-stand_left-1.png","link":"https://www.theexhibitorshandbook.com/contender-mini-retractable-banner-stand","text":"The Contender Mini has become a market leader proving its dependability time after time. A good all-around work horse, the Contender Mini offers a strong construction combined with a sleek black base and ergonomic appearance. System comes with a carry bag and is available in black or silver. The base measures 24.5\"W. This stand is made in the USA....              ","title":"Contender Mini Retractable Banner Stand"},{"img":"https://www.theexhibitorshandbook.com/media/catalog/product/cache/2/small_image/300x/9df78eab33525d08d6e5fb8d27136e95/c/o/contender-standard-retractable-banner-stand_left-1.png","link":"https://www.theexhibitorshandbook.com/contender-standard-retractable-banner-stand","text":"The Contender Standard retractable banner stand is a durable option for your display needs. This display system is highly portable and features a sleek black design with a swivel foot base for stability. The base measures 30.5\" in width with a height range of 77.5\"-105\", and the banner stand comes with a carry bag. This stand is made in the USA.","title":"Contender Standard Retractable Banner Stand"},{"img":"https://www.theexhibitorshandbook.com/media/catalog/product/cache/2/small_image/300x/9df78eab33525d08d6e5fb8d27136e95/c/o/contender-mega-retractable-banner-stand_left-1.png","link":"https://www.theexhibitorshandbook.com/contender-mega-retractable-banner-stand","text":"The perfect all-around display solution, the Contender Mega retractable banner stand is a great fit as a stand-alone display in retail environments and corporate offices, or as an additional element in a large scale trade show or event display. The base features a swivel foot for added stability, and measures at 36.5\" width with a height range of ...              ","title":"Contender Mega Retractable Banner Stand"},{"img":"https://www.theexhibitorshandbook.com/media/catalog/product/cache/2/small_image/300x/9df78eab33525d08d6e5fb8d27136e95/c/o/contender-monster-retractable-banner-stand_left-1.png","link":"https://www.theexhibitorshandbook.com/contender-monster-retractable-banner-stand","text":"The Contender Monster retractable banner stand is exactly that; a monster of a display banner that's sure to make an impact in any environment. Measuring 48.5\" in width with a height range of 77.5\"-105\", this ultra-durable display is a great all-purpose solution. The banner stand comes with a carry bag for added portability and protection.","title":"Contender Monster Retractable Banner Stand"}]