[{"img":"https://www.theexhibitorshandbook.com/media/catalog/product/cache/2/small_image/300x/9df78eab33525d08d6e5fb8d27136e95/b/l/blade-lite-400-retractable-banner-stand_left-1.png","link":"https://www.theexhibitorshandbook.com/blade-lite-400-retractable-banner-stand","text":"The Blade Lite 400 is an attractive, sleek retractable banner stand with chrome finish endcaps and a streamlined base design. This highly portable stand is perfect for many environments and public spaces such as trade shows and events, complementing all display types and sizes. Graphic width measures 15.75\", with a graphic height of 69.37\".","title":"Blade Lite 400 Retractable Banner Stand"},{"img":"https://www.theexhibitorshandbook.com/media/catalog/product/cache/2/small_image/300x/9df78eab33525d08d6e5fb8d27136e95/r/o/rollup-retractable-banner-stand_left-1.png","link":"https://www.theexhibitorshandbook.com/rollup-retractable-banner-stand","text":"Designed to stand the test of time, the Rollup is a single-sided, sleek and stylish retractable banner stand display that is convenient and easy to use. Rollup features a black heavy-duty base, 3-piece bungee pole, graphic and padded carry bag.","title":"Rollup Retractable Banner Stand"},{"img":"https://www.theexhibitorshandbook.com/media/catalog/product/cache/2/small_image/300x/9df78eab33525d08d6e5fb8d27136e95/b/l/blade-lite-600-retractable-banner-stand_left-1.png","link":"https://www.theexhibitorshandbook.com/blade-lite-600-retractable-banner-stand","text":"The approximately 2ft by 7ft size of the Blade Lite 600 provides the versatility to use in a variety of environments. High quality custom graphics easily roll up and collapse into the base, making for quick and easy setup and storage. The graphic measures 23.5\"W, with a variable graphic height of 69\"-83.25\"H.","title":"Blade Lite 600 Retractable Banner Stand"},{"img":"https://www.theexhibitorshandbook.com/media/catalog/product/cache/2/small_image/300x/9df78eab33525d08d6e5fb8d27136e95/b/l/blade-lite-800-retractable-banner-stand_left-1.png","link":"https://www.theexhibitorshandbook.com/blade-lite-800-retractable-banner-stand","text":"Blade Lite 800 is an exceptional retractable banner stand for all types of environments, including retail, corporate, conferences, events and more! This durable stand is an attractive option to make an impact on your audience, and provides ease of use from setup to storage to shipping. Graphic dimensions are 31.5\" wide and a variable graphic heigh...              ","title":"Blade Lite 800 Retractable Banner Stand"},{"img":"https://www.theexhibitorshandbook.com/media/catalog/product/cache/2/small_image/300x/9df78eab33525d08d6e5fb8d27136e95/b/l/blade-lite-850-retractable-banner-stand_left-1.png","link":"https://www.theexhibitorshandbook.com/blade-lite-850-retractable-banner-stand","text":"Whether it's used as an attention-grabbing standalone display or as a complement to a full-size exhibit, the Blade Lite 850 is a durable option. The streamlined base design comes with chrome finish endcaps, with roll up graphics that easily store in the base. The graphic measures 33.5\"W, with a variable graphic height of 60\"-83.25\"H.","title":"Blade Lite 850 Retractable Banner Stand"},{"img":"https://www.theexhibitorshandbook.com/media/catalog/product/cache/2/small_image/300x/9df78eab33525d08d6e5fb8d27136e95/b/l/blade-lite-920-retractable-banner-stand_left-1.png","link":"https://www.theexhibitorshandbook.com/blade-lite-920-retractable-banner-stand","text":"The Blade Lite 920 provides a variable height option ranging from 5' to 7' (60\"-83.25\"), providing a versatile option that can fit in many different displays. Graphic width measures at 3'. State of the art graphics store in the base, with setup taking seconds for this incredibly portable display. ","title":"Blade Lite 920 Retractable Banner Stand"},{"img":"https://www.theexhibitorshandbook.com/media/catalog/product/cache/2/small_image/300x/9df78eab33525d08d6e5fb8d27136e95/b/l/blade-lite-1000-retractable-banner-stand_left-1.png","link":"https://www.theexhibitorshandbook.com/blade-lite-1000-retractable-banner-stand","text":"As part of one of our most popular product lines, the Blade Lite 1000 is an attractive, sleek retractable banner stand with a modern base design and chrome endcaps. The Blade Lite 1000 is a durable, reliable stand that makes shipping, setup and storage a breeze with its highly portable features. Graphics easily retract from and into the base, savi...              ","title":"Blade Lite 1000 Retractable Banner Stand"},{"img":"https://www.theexhibitorshandbook.com/media/catalog/product/cache/2/small_image/300x/9df78eab33525d08d6e5fb8d27136e95/b/l/blade-lite-1200-retractable-banner-stand_left-1.png","link":"https://www.theexhibitorshandbook.com/blade-lite-1200-retractable-banner-stand","text":"The Blade Lite 1200 is an affordable, quality display that works perfect for promotion, branding, messaging and more in a multitude of display environments. Pairing convenience with utility, the Blade Lite 1200 retractable banner stand's portability makes it incredibly easy to use. The graphic measures 47.25\"W, with a variable graphic height of 60...              ","title":"Blade Lite 1200 Retractable Banner Stand"},{"img":"https://www.theexhibitorshandbook.com/media/catalog/product/cache/2/small_image/300x/9df78eab33525d08d6e5fb8d27136e95/b/l/blade-lite-1500-retractable-banner-stand_left-1.png","link":"https://www.theexhibitorshandbook.com/blade-lite-1500-retractable-banner-stand","text":"With a 5ft (59\") width and a variable height of 5ft to 7ft (60\"-83.25\"), the Blade Lite 1500 is a sleek retractable banner stand that provides in an impact in a multitude of settings. From events and trade shows to retail environments, state-of-the-art graphics convey messaging and branding to your audience.","title":"Blade Lite 1500 Retractable Banner Stand"},{"img":"https://www.theexhibitorshandbook.com/media/catalog/product/cache/2/small_image/300x/9df78eab33525d08d6e5fb8d27136e95/i/m/imagine-retractable-banner-stand_left-1.png","link":"https://www.theexhibitorshandbook.com/imagine-800-retractable-banner-stand","text":"With refined styling and a streamlined profile, the Imagine 800 is packed with design innovations. This banner stand is our most popular removable cassette roller system, making graphic changes simple and easy. The Imagine has a variable height option from 3' to 8', and utilizes a telescopic pole and graphic tensioner for customizing the look of t...              ","title":"Imagine 800 Retractable Banner Stand"},{"img":"https://www.theexhibitorshandbook.com/media/catalog/product/cache/2/small_image/300x/9df78eab33525d08d6e5fb8d27136e95/i/m/imagine-retractable-banner-stand_left.png","link":"https://www.theexhibitorshandbook.com/imagine-850-retractable-banner-stand","text":"The streamlined Imagine 850 features a removable cassette roller system, making graphic changes simple and easy. With a variable height option from 3' to 8' and twist and lock telescopic pole, the Imagine 850 makes it easy to make an impact in any environment.","title":"Imagine 850 Retractable Banner Stand"},{"img":"https://www.theexhibitorshandbook.com/media/catalog/product/cache/2/small_image/300x/9df78eab33525d08d6e5fb8d27136e95/b/a/barracuda-600-retractable-banner-stand_left-1.png","link":"https://www.theexhibitorshandbook.com/barracuda-600-retractable-banner-stand","text":"Stylish design and proven reliability makes the Barracuda 600 a popular quality banner stand. The Barracuda 600 is one of the most feature-rich single sided retractable banner stands available and has been specially designed for maximum convenience and ease of use. The graphic measures 23.5\"W, with a variable graphic height of 66.5\"-83\"H.","title":"Barracuda 600 Retractable Banner Stand"},{"img":"https://www.theexhibitorshandbook.com/media/catalog/product/cache/2/small_image/300x/9df78eab33525d08d6e5fb8d27136e95/b/a/barracuda-800-retractable-banner-stand_left-1.png","link":"https://www.theexhibitorshandbook.com/barracuda-800-retractable-banner-stand","text":"The Barracuda 800 is part of our premium line of banner stands, meaning it is built to withstand use at multiple events. Durable and reliable with a sleek design, the Barracuda 800 is full of great features that help displays stand out in a wide variety of environments, from events to retail and more. Graphic width measures at 31.5\", while variabl...              ","title":"Barracuda 800 Retractable Banner Stand"},{"img":"https://www.theexhibitorshandbook.com/media/catalog/product/cache/2/small_image/300x/9df78eab33525d08d6e5fb8d27136e95/b/a/barracuda-850-retractable-banner-stand_left-1.png","link":"https://www.theexhibitorshandbook.com/barracuda-850-retractable-banner-stand","text":"The Barracuda 850 is a deluxe retractable banner stand that is fast, convenient and highly portable. High quality custom graphics roll up from the base, and graphics quickly retract for easy storage and shipping. This premium stand is an affordable option for your display needs. The graphic measures 33.5\"W, with a variable graphic height of 60\"-83...              ","title":"Barracuda 850 Retractable Banner Stand"},{"img":"https://www.theexhibitorshandbook.com/media/catalog/product/cache/2/small_image/300x/9df78eab33525d08d6e5fb8d27136e95/b/a/barracuda-920-retractable-banner-stand_left-1.png","link":"https://www.theexhibitorshandbook.com/barracuda-920-retractable-banner-stand","text":"Portable, durable and packed full of features and accessories, the Barracuda 920 retractable banner stand is a premium option for your display needs. The Barracuda stand uses roll up graphics for easy setup, storage and shipping, and is perfect for a wide variety of events, environments and trade shows. The graphic measures 35.5\"W, with a variable...              ","title":"Barracuda 920 Retractable Banner Stand"},{"img":"https://www.theexhibitorshandbook.com/media/catalog/product/cache/2/small_image/300x/9df78eab33525d08d6e5fb8d27136e95/b/a/barracuda-1200-retractable-banner-stand_left.png","link":"https://www.theexhibitorshandbook.com/barracuda-1200-retractable-banner-stand","text":"The Barracuda 1200 can be used as part of a large display, or as its own smaller display. This retractable banner stand has a wide variety of uses and comes with a graphic width of 47.25\" and a variable graphic height of 60\"-83\". As part of our premium line of roll up displays, the Barracuda 1200 is has numerous innovative design features that pro...              ","title":"Barracuda 1200 Retractable Banner Stand"}]